Admin ID,Admin Username,Email,Admin Password
0,Blaze.Hermiston,Flo53@yahoo.com,qyJBmQyBln0SNMZ
1,Madalyn_Jones56,Georgianna_Kuvalis@yahoo.com,IOcZaxMU6S80b2U
2,Earnest.Roberts68,Abdiel36@gmail.com,Hd9maDrTSMl0jNw
3,Edison_Larkin67,Lula_Schowalter94@hotmail.com,TTeskbqyoUfa7Ip
4,Mellie.Corwin22,Isadore49@hotmail.com,rJChHxLukhlC4Ws
5,Bernadette_Zemlak98,Stanton42@gmail.com,ZUinXpRytFRnr_F
6,Laurie74,Amparo23@hotmail.com,NFUeL_oH7Gd8Tqn
7,Mallory_Pfeffer33,Kaylah3@hotmail.com,b8krwmFFDKTrzaZ
8,Zella.Batz,Ephraim_Schmidt@yahoo.com,eOmL3Oir5ykPYrO
9,Emma.Becker67,Marco54@gmail.com,6Wf1hkXgpd_7JAE
10,Maeve.Brakus15,Hertha.Beer75@gmail.com,lWL9R0QJbQGrzhB
11,Orpha.Bergstrom88,Kennedi31@hotmail.com,OcGjbYLIft77BlY
12,Valentin65,Skylar_Towne@gmail.com,JiVovOZjiPw24QO
13,Corbin26,Alexa77@gmail.com,dn5b0snvgNy6cZQ
14,Jalyn_Ondricka53,Stefanie_Ankunding0@gmail.com,5OZ0XYxG32BWi1S
15,Shakira99,Earline_Ryan@gmail.com,C3cDRfGJsV2A8IL
16,Elna74,Seamus.Gottlieb87@hotmail.com,ZLUuwrKeBHqAjrS
17,Charlie.Leannon48,Cicero_Mante@yahoo.com,YPk8aQuwi7qDdsO
18,Cordie.Koelpin,Kaela.Metz96@yahoo.com,OtgEm4u9cm72WWX
19,Laurence_Harber94,Corrine.Hills@yahoo.com,OoeK2xZxEGW6dk9
20,Chanel.Brekke,Chanel95@yahoo.com,N8m9aIB6AgZhHwc
21,Dell_OHara,Flavie_Beier@yahoo.com,NTkJM0aT6W7W4HQ
22,Frederique_Fritsch22,Loren.Rodriguez@yahoo.com,dYT2a4zTwyvokUW
23,Brendan.Howe,Paxton_Schinner@gmail.com,osnAEWJCV2PKE0H
24,Aurelio_Mayer25,Noemie_Mertz2@gmail.com,lcYwH9URX50p9HV
25,Bret.Beier68,Letha.Marquardt@gmail.com,HJGzmYy5NzOXkFL
26,Eldridge54,Ebony60@hotmail.com,6TCPgX2tJIBGrys
27,Hudson26,Korey_Cummerata32@hotmail.com,xnw67NzN2LAUWCD
28,Raheem_Gibson,Violet75@hotmail.com,ZJ9hI9f4Y8o4Gl1
29,Mckenzie69,Sydney20@hotmail.com,fpUi3kEOq6z9vsB
30,Kaylee.Ebert78,Cheyanne.Kreiger@gmail.com,s2mYs0iP4I0v4HL
31,Vernon.Stracke87,Reese.Johns4@hotmail.com,4arumIXUfbdknHe
32,Erika.Kunde64,Aliya82@gmail.com,tTqE5ulPoN4LXj2
33,Rigoberto_Schamberger43,Arjun.Emard68@hotmail.com,_tkrTrupyZCRl7S
34,Myrtice54,Rosa14@hotmail.com,iofVWJyuNWD8UmB
35,Lavonne_Schumm,Amira46@gmail.com,ijJlNquIcTo77Ui
36,Jennie79,Assunta5@yahoo.com,dD_km3dzJLHXVV5
37,Pansy_Reilly,Shirley_Schowalter5@yahoo.com,kPKfG2yUlKdEkhT
38,Cory13,Eunice71@yahoo.com,7PUvQX703zG2f72
39,Derek87,Valentin.Kutch39@hotmail.com,gE1iGeh3dgbpPAC
40,Giuseppe_Smitham,Braeden.Bosco@yahoo.com,uDXtIBcguog8fwa
41,Maurice.Harvey11,Electa_Johnson62@gmail.com,YmkCIrVgTzV9zgY
42,Destin_Botsford55,Ward.Barrows92@yahoo.com,L3Ei65wKig_5FCz
43,Ryleigh_OConnell81,Mathias.Bayer4@gmail.com,00hHvzErEKElGEW
44,Noemi_Stiedemann,Sedrick8@gmail.com,hknZUWQrTkIfUQ8
45,Katrine52,Milo.Schuppe@yahoo.com,RPs4bo41ogN91Nf
46,Misael9,Julio34@gmail.com,r_9WmibndiJRJBq
47,Josefa18,Hugh_Gislason@gmail.com,QqFSfrRA_GGFWYj
48,Mabel.Dare68,Yasmin.Dare@yahoo.com,nprwHrhoEiF9TNQ
49,Guillermo.Metz76,Ismael_Leuschke9@gmail.com,rmc2tFEXKyckxaf
50,Caden_Graham76,Mae_Rempel97@gmail.com,u2tE7TZ6WYvu_1v
51,Jaylon20,Missouri37@gmail.com,fKPwQJlvmNRlrYB
52,Kacey64,Jed_Bailey44@hotmail.com,QtfXNgbKXWkgP6n
53,Albertha_Nolan,Mallie12@gmail.com,l_4jZ018C1YSD_y
54,Hester36,Marlin.Hamill@hotmail.com,1ijhRDlKr_bxIVv
55,Rosetta.Will,Kailee_Davis73@hotmail.com,wECqs6aWXn5UlQA
56,Marcelino35,Kellen21@hotmail.com,hg9pgcG6ePdw7R5
57,Flavio9,Marion9@gmail.com,5IgljLYRYeqtIb3
58,Cloyd.Heller,Anissa17@yahoo.com,ZZZkGNOR4QKKPko
59,Nyah_Strosin,Mckenzie_Simonis11@yahoo.com,21sRPzhh1PUOb8E
60,Violet.Kunde,Marvin97@yahoo.com,zNblu0wQDfxdaIY
61,Moses_Goldner,Vergie_Fay68@gmail.com,UE3gqxQSLTUELKT
62,Xzavier34,Vilma.Pollich@yahoo.com,p48l26_je8AJLs5
63,Rylan_OKeefe,Wilton39@gmail.com,Ov6b0_wW_jaRlsn
64,Maeve49,Ashley_Kertzmann@hotmail.com,H2mh_OFDECNF0ge
65,Adalberto4,Anais67@yahoo.com,Z_dt1JN6t7dzPS7
66,Sidney.West,Aric85@gmail.com,xjgKKTBgMQv8x6A
67,Ludie46,Marge_Strosin76@gmail.com,vi8xX198UpIB3hD
68,Josephine_Hegmann14,Rodrick48@hotmail.com,kKvsPyuMER3iUEw
69,Rebecca_Bergstrom,Perry_Kshlerin93@yahoo.com,mFxKNe1vEZCllzC
70,Clementine16,Moshe.Goodwin42@hotmail.com,i5x5g3mHOY9GXBr
71,Sylvan7,Herbert67@gmail.com,k6yX0YtJIgqPiHw
72,Cheyenne_Wunsch19,Nicklaus.Kovacek@yahoo.com,r0DBiSk5nVXAwYe
73,Alexie.Medhurst23,Kendall.Nolan@hotmail.com,Bm2IN76vicpQeAf
74,Evan7,Jalon_Bode@yahoo.com,WjnnGS_HsqWPU6w
75,Greyson_Gislason,Freddie.Smith@gmail.com,m1nhB5ijf_WsJrH
76,Jamir.Thompson89,Brandon.Kohler@gmail.com,OWyY7TNfh7bcjql
77,Ila75,Abe.Huel@yahoo.com,q5qiKdTTmj1NX99
78,Bryana.Kunde75,Oral.Hudson@hotmail.com,psvL9VMdEu4uFmL
79,Raoul.Herzog,Ashley.Oberbrunner51@yahoo.com,ntQBuvxaryR6VbV
80,Ramona76,Stone_Grady@hotmail.com,L1gYy7AGdEIHsto
81,Kennedi48,Declan.Sipes@gmail.com,RAY_EN7Q013taHA
82,Armand41,Marjory.Murphy71@yahoo.com,DBbmI90ShzBmD72
83,Zachary.Quitzon3,Dallin_Goyette@gmail.com,XF05BYYd4taGOe6
84,Marianne.Walter47,Lucius18@hotmail.com,BZDI2Sadu3d8uUb
85,Levi87,Rory.Homenick97@hotmail.com,hPi4DHhYvsgwaRp
86,Vita76,Bo_Konopelski7@hotmail.com,IINFzXwJ4WgWjv0
87,Tyshawn_Wolff5,Myrtice11@hotmail.com,CLznkBFtIyu5gxs
88,Quentin.Bradtke,Turner_Keebler2@gmail.com,yUgTgJqofhxAgqO
89,Valentine.Heidenreich37,Madge.Dare17@hotmail.com,gdeNKuLLRYrmbxx
90,Logan.Kris,Karley48@yahoo.com,kw4JZCOYRuDR3Rs
91,Bert.Stoltenberg,Demarco_Grant@yahoo.com,0FMUSPST5gFOI5h
92,Weldon66,Jaime85@gmail.com,GoJjDW8g6QRahjB
93,Bertrand.Stokes,Hunter.Emard@gmail.com,BtKeQZse5w25YzO
94,Joshua_Keeling13,Walton_Franey@hotmail.com,iDXqiMi67IeO0mr
95,Lue6,Daphney44@yahoo.com,KHsVvoYIA9TiAiN
96,Aryanna.Kutch13,Carissa79@hotmail.com,S0LHUUF8PmFJig_
97,Gilda.Roberts,Ila_Cruickshank@gmail.com,6Ik3R5xuKvCCPFL
98,Blaise.Beer70,Furman_Quigley58@hotmail.com,Z6ezMLD20FZ7g2y
99,Kade_Collins,Moriah_Hartmann97@hotmail.com,30K76xo741J9fog
