Developer Id,Username,Email,Password
0,Rasheed.Kunze,Valentine_Jenkins80@yahoo.com,sd9EfNsL6HPTePs
1,Krystal8,Alysson12@hotmail.com,2_vJF0pducUlXB5
2,Cole16,Randi25@gmail.com,VSV_Y_sgbm6iXQH
3,Mossie.Stehr67,Else_Collier80@yahoo.com,RXo8MyH7nrGeTp3
4,Forest5,Georgette.Lind@gmail.com,LzX7j0j0sjRxBeA
5,Eldred_Bechtelar36,Darrin_Green32@yahoo.com,YlgNt0B5R2rZi_z
6,Burdette_Rowe,Virginia_Greenholt@hotmail.com,o2PLBgA4MfoX2j3
7,Madelynn.Keebler,Monroe_Murazik32@yahoo.com,d0xv17DW6ktf836
8,Johnpaul62,Finn.Nienow@yahoo.com,8BOKQuo3kaoqYzx
9,Lucile15,Justice.Yost80@yahoo.com,W5WtoBxWHQW5cm4
10,Bernadine45,Griffin_Cremin54@yahoo.com,h3_SCLic_e2NaiA
11,Keshawn_Douglas,Vicky_Cruickshank5@yahoo.com,jsxFfuI3OLeCQ78
12,Markus49,Magdalena.Hodkiewicz1@hotmail.com,39wxatqFEClkqX6
13,Jaquelin37,Walker.Reilly39@hotmail.com,ZniXvjQyOQmEYbX
14,Emmie_Dare,Walter.Konopelski@hotmail.com,iBym1CTkYHe71Hn
15,Giovanny_Barrows3,Jamie22@gmail.com,olncNJJqGgNl9Gt
16,Tyrel_Moore,Corine32@hotmail.com,vNyCqpnHV15I3OG
17,Lavina_Bayer,Laila.Kunde95@gmail.com,xg_VoLYJcreNZKi
18,Leanne.Ritchie48,Esther49@hotmail.com,ZVXCGap3EvVQNc6
19,Vita92,Richie73@hotmail.com,ggaDHo4qEa5HjHc
20,Marley.Davis,Estelle_Pfeffer@hotmail.com,AyExV9rsgh6IM4f
21,Jaquelin.Runolfsdottir92,Estefania.Harber@gmail.com,ih5FiRdN7H_hZ00
22,Claud_Bernhard90,Kaylah56@yahoo.com,S8ZASy8KJKm1APg
23,Alvina.Bergnaum,Dustin_Quigley@yahoo.com,NN39TD2h2_O1_mI
24,Green_Lynch,Cortez_Fisher@hotmail.com,IwaN7I1sAawaOt2
25,Vilma_Bartell61,Wellington50@gmail.com,82gwO4u2_73HdN8
26,Jayce64,Cordia_MacGyver@gmail.com,1fcOCndAQBySFAG
27,Darlene.Macejkovic14,Cordia.Bogisich40@hotmail.com,zmVcT7I8H6O6Yda
28,Julio.Reichel99,Floy.Veum59@yahoo.com,OFeIOFgPGWc4xa0
29,Ilene69,Christelle_Fahey@hotmail.com,5x9gr9X5XVsQqP7
30,Kyle.Hackett,Dedrick83@yahoo.com,rP9cbGy3bpF4jhR
31,Shaniya_Nader,Bradley_Heathcote17@yahoo.com,9yUduIRzFubtomf
32,Belle_Torphy,Nikki1@hotmail.com,dxUGY1TLi9beh5C
33,Maverick.Huels,Weston.Sauer@yahoo.com,1GTmA6CHYuBLjb4
34,Jaleel98,Darren_Gusikowski78@yahoo.com,w1EOkCRwZUOhhcW
35,Ross_Fritsch,Talia_Klocko61@gmail.com,ayptITY0QRZgX09
36,Ole_Bruen95,Chelsea.Wuckert89@gmail.com,y5GaOFvDdBW4tPW
37,Fermin.Mosciski27,Chesley.Ernser34@hotmail.com,bm4_2w3ZZXFVXAg
38,Marilyne_Olson25,Cordia.Hudson75@yahoo.com,dtSKIWKRWtwTJBy
39,Jayson61,Jackson.Bernhard92@hotmail.com,ZRvYFQtlWUzH0M1
40,Edd.Halvorson,Tianna92@hotmail.com,3RCEaLHIp9Nan3E
41,Darwin_Schowalter,Vivienne.Jast10@gmail.com,Qjjwphu2SuLNkxy
42,Wilma16,Paris32@gmail.com,j0BfilPV7ZQHEbq
43,Priscilla95,Macy97@yahoo.com,lD53FrFvw6H4_wK
44,Mara.Kessler,Valentina30@yahoo.com,uWe4akkVFPKy2ei
45,Gwendolyn.Runte27,Jasen.Shields@gmail.com,OKlut9SD77TF3Oc
46,Brendon_Cummerata20,Marion_Douglas88@gmail.com,pvMSgWIKeeq42fu
47,Ova4,Mylene_Langworth36@yahoo.com,FKgPmECNSuilSc5
48,Ari.Abbott,Fannie_Kling@yahoo.com,NsAWnMlcacLI09u
49,Madisyn_Block11,Brooke_Walter@yahoo.com,7BE81t9OW1VdndG
50,Ericka_Morar0,Blair.Ullrich51@hotmail.com,SX5KpvP6mBQKxUn
51,Sadie.Friesen80,Jamal.Goodwin60@hotmail.com,bPmzkZb_hUiRbap
52,Lizzie54,Roosevelt10@yahoo.com,n4tfg21bgd4QaiG
53,Karlee0,Rowland_Howe61@gmail.com,EAUjaSGyHhonW84
54,Jennie87,Marta18@gmail.com,5vtuuA0eQo0jblB
55,Shanel.Medhurst99,Kamron64@gmail.com,gUsO1C0AdhlxxZ1
56,Hertha74,Madelynn_Goodwin37@gmail.com,BwtNubefC_4WG0U
57,Ryder65,Tania36@yahoo.com,QpoBYq04Z40PnF0
58,Kaylah_Lubowitz63,Leopold62@hotmail.com,ODLq0afY76sMYYp
59,Kendra_Rath48,Furman10@hotmail.com,hWXmiPHpmUM4zu9
60,Hermina38,Randy_Gorczany@hotmail.com,dz9rAvvydQocc99
61,Osborne_Bogan,Merlin14@gmail.com,3XUxgZzvY5bU3Q0
62,Aniya90,Colby26@yahoo.com,ki45GlKWQV5sMyI
63,Johnny_Schmidt,Gregoria.Ratke@yahoo.com,1Wcsq7_F3wMTl0W
64,Kurtis.OKeefe,Ulices24@gmail.com,qvbj1ntKSQKvaxM
65,Jordyn13,Belle.Toy13@yahoo.com,KmPX7ghsoBNjE97
66,Krystal_Lueilwitz28,Hoyt.Kassulke5@yahoo.com,AeN4AaB8eJh2lrD
67,Marjorie22,Noe.Dietrich@gmail.com,TrSy7sei9NFvD2L
68,Adela.Schowalter32,Anissa39@gmail.com,LCpS0SuAocj1nKn
69,Sydni.Schaefer18,Stephanie.Nienow23@hotmail.com,O_ASYu2ZaiyoXf_
70,Elna.Rempel50,Mina34@gmail.com,89wIJSWIp1DwIxI
71,Yoshiko78,Shaylee.Gleason49@yahoo.com,doxXVBq5g9oT9BN
72,Estrella.Durgan,Roxane77@yahoo.com,Em64kxQNAsafFd7
73,Lawrence.Greenfelder,Mortimer10@gmail.com,dIOrALxW2JNU2Dq
74,Hallie8,Kathlyn_Rath43@yahoo.com,Y2SA1Ymj2ogNBaH
75,Freeda78,Colten.Crooks61@yahoo.com,FKzilLKXCkmDZpP
76,Ophelia_Feil11,Sophie.Lebsack62@yahoo.com,s0__efF1tthywsc
77,Thad_Skiles31,Hubert89@gmail.com,c6cG4bBjszHLcHW
78,Georgianna_OHara,Carole.Lehner59@yahoo.com,vSa8hgdJW7Y2YuJ
79,Josefina.Beahan,Frieda69@yahoo.com,EuExBMv9XK273_I
80,Jonathan.Erdman47,Bertrand8@hotmail.com,EnhBoEfBd7ZRxIq
81,Elda_Beatty,Aliza61@yahoo.com,FzQRccl_RV72xRO
82,Savion_Davis80,Adonis_Schinner@yahoo.com,YBsR0EPvmSWYqFn
83,Reynold77,Alec33@gmail.com,zwYaoKWOX9h5xgJ
84,Travon45,Keon16@gmail.com,dmy8Y3yo8a30C67
85,Delphine75,Frederic78@yahoo.com,Kf1R5av5l33z7qE
86,Audrey74,Helene.Goldner@gmail.com,B6JnRHVpZZqbgtO
87,Ollie_McDermott,Marge29@gmail.com,C09HTo_1v0Eq26V
88,Connie59,Marcellus.Boyer@hotmail.com,h10_MjQ0GCY2wmi
89,Elinore.Daniel,Cooper_Hudson@hotmail.com,hdWEh9BRd8E9jq4
90,Retha.Thiel,Audreanne51@hotmail.com,eQBb0updiafNzH1
91,Quinton_Jones7,Brandon52@gmail.com,kozz4AtGbqf4_qE
92,Leila.Zulauf25,Gilda12@yahoo.com,TosfiTBVDUGiAbQ
93,Mallie95,Patrick37@yahoo.com,oYMB2rpxqv3NupE
94,Aurelia65,Donato.Pacocha36@gmail.com,B26ZUJI5t5xk81Q
95,Ward.Monahan,Gilberto_McClure50@hotmail.com,2IW4ySbN8T4pPn2
96,Christina.Christiansen51,Brycen44@yahoo.com,01qXQ_Gi8MLJjbt
97,Darryl.Hirthe,Buddy.Waelchi@hotmail.com,zXX_O4SjObKGP17
98,Winnifred.Donnelly32,Chet_Green@hotmail.com,YhDWhYLDht4zIDx
99,Moses.Gibson67,Jarrett.Hegmann24@yahoo.com,Jl6Uwdt_akiXUyd
