User Id,Username,Email,Password,First Name,Last Name
0,Daisha_Emard,Halie_Quigley99@gmail.com,0dHBUwIbAGofZDg,Nora,Pollich
1,Laverne.Ankunding99,Rickey.Bernhard36@gmail.com,DK7VpnOnoUWDtl7,Orville,Murphy
2,Toy.Greenfelder25,Jeremy.Luettgen@gmail.com,Un0QRDME11iYs5i,Nelle,Bahringer
3,Dorris_Miller,Athena12@yahoo.com,88xO5vt_uYSK3Rz,Reymundo,Braun
4,Camryn_Hartmann,Jadon96@yahoo.com,vE6DgPWV5sdISTV,Quentin,Watsica
5,Devyn.Gerhold77,Elbert_Mertz31@gmail.com,Yqjdl2Y1ffgQ8OB,Morgan,Toy
6,Lea62,Verlie41@yahoo.com,Q2r7oGx4cw3D1GI,Dallas,Lakin
7,Arvel.Parisian,Madie_Zemlak98@gmail.com,uCR12yKDoAWTz9A,Alene,Wiegand
8,Jesus10,Eleanora_Carroll@hotmail.com,7C7OvzrJysGeFtc,Liliane,Gulgowski
9,Brannon16,Astrid.Mraz92@yahoo.com,saljoDy8BASA5Nr,Taylor,Schuppe
10,Rene.Bednar88,Neoma45@gmail.com,QlOVKOt9n_bqfAO,Axel,Gibson
11,Briana_Jaskolski95,Sallie.Leffler@yahoo.com,KK0_9Eobqg70Qv1,Vella,Ferry
12,Leonel_Corwin93,Tremaine.Bruen@hotmail.com,qHO2yoCmS8MRuLa,Ismael,Nikolaus
13,Petra_Abshire,Glennie_Gibson85@yahoo.com,2LhovDAgdM79Rmu,Dillan,Ortiz
14,Josiane.Torphy31,Mathias.Zieme@hotmail.com,NZjYYiExkNLleEe,Kiley,Hirthe
15,Tad.West73,Desiree.Kling@gmail.com,rpODrpS9pw0xWB8,Rosa,Schmidt
16,Craig96,Ashton54@gmail.com,yL6PHsdMB2rKdJP,Mozell,Johnson
17,Nestor_Renner,Tevin21@hotmail.com,zHrXNsk03k4v5p1,Kariane,Franey
18,Emmie_Feil,Dejuan_Kirlin@gmail.com,Dqk4qlStH0qOods,Bill,Ortiz
19,Steve.DuBuque3,Trevion_Reinger48@hotmail.com,aK30ql3FL7MhxUl,Gianni,Pacocha
20,Bradford_Ortiz45,Rashad.Zemlak42@hotmail.com,Sh50FBxupf_WmS6,Beulah,Hermann
21,Ralph.Jones,Reginald_Jast@gmail.com,fOPllCyj0OEgFgw,Wilfredo,Hills
22,Lottie_Lynch,Christop19@hotmail.com,FijWzRMVnO71s7Q,Pablo,Schuppe
23,Keyshawn65,Charley.Hilll@hotmail.com,lELoghOWHvKZZc4,Emiliano,Graham
24,Callie8,Idell.Larkin@hotmail.com,t7OQ1Nm0bYvLNAt,Uriah,Turner
25,Susanna13,Ofelia_Lakin2@gmail.com,0jBOlazRLbruH6_,Laura,Jacobson
26,Mattie32,Logan_Maggio68@gmail.com,3JJpn4DAWlwhRXS,Kenneth,Robel
27,Oceane_Schiller,Shakira24@yahoo.com,KHz7ByhLLBO8tos,Sofia,Kling
28,Era.Okuneva27,Olen.Ward90@yahoo.com,L0UhVQDk5Jm9HKP,Jazlyn,Fadel
29,Raymond.Spencer15,Adrien_Pacocha92@gmail.com,N948cZCl7aW1sm1,Bethany,Schultz
30,Stefan.Rogahn57,Nestor_Mertz@gmail.com,9zWmxn7yOveG0a_,Tianna,Bergnaum
31,Rudolph44,Kurtis9@hotmail.com,Ti3H6afV54ZrPIx,Loyal,Ullrich
32,Braeden.Huel,Nathanael_Bechtelar@gmail.com,GuX4I6KhpPJCaKn,Bulah,Bechtelar
33,Kathlyn.Wuckert49,Myrtis65@yahoo.com,JKt15FRL1PMH3m8,Arjun,Abshire
34,Nola12,Durward_Rosenbaum8@yahoo.com,ddFnEdv41pc_ivP,Dean,Cassin
35,Autumn_Gutkowski,Reece_Ratke13@gmail.com,WCK6HFYOQw27kud,Braxton,Lockman
36,Lew_Heathcote4,Katlyn60@hotmail.com,WRW_vySY1KsWzEw,Zane,Cronin
37,Emanuel_Wiza84,Bret25@gmail.com,vM6RQHSoseKcXQY,Davonte,Cruickshank
38,Toby_Lubowitz59,Aidan.Schoen37@yahoo.com,S0FrXflxMW5pRxM,Lamont,Von
39,Sabina.Will,Stephon.Flatley30@yahoo.com,KPeUuppkwi3zh1h,Wava,Schoen
40,Madilyn_Powlowski,Rodger63@gmail.com,FccghpG7v6XoqqY,Misty,Jacobs
41,Graciela.Fay90,Elinor29@gmail.com,GnWGUxGWDBgsB5T,Carmelo,Kessler
42,Ricky.Jacobson92,Lonnie21@yahoo.com,iIUjF_3itW9Ul9g,Dimitri,Gottlieb
43,Esta_Brown,Gayle50@yahoo.com,tISfSSxq4nkFJz1,Lia,Greenfelder
44,Leonardo.Wuckert85,Lessie.Hermann@hotmail.com,IahvDNEG1FSjhkp,Luciano,Carroll
45,Anabel92,Furman42@yahoo.com,8yfWAcd6DJb22Vm,Kennith,Bosco
46,Ola_Gleichner,Eloy_Buckridge43@gmail.com,geDtVzpWZ9C1dxp,Glen,Jakubowski
47,Elza.Block,Makenzie17@hotmail.com,90Rz5fDvS8IZn5p,Jacques,Veum
48,Kendall.Watsica0,Lacey1@yahoo.com,qfw4TBqX07o1tcC,Amiya,Nienow
49,Jessyca28,Agustina25@gmail.com,rZU7KkDnnUB5gDj,Broderick,Boyle
50,Renee78,Jarret.Emmerich16@hotmail.com,2kf5n2Iz8YmWEdf,Joey,Spinka
51,Newton14,Rubie57@gmail.com,kzctr_bJygoIHTW,Therese,Hamill
52,Armand_Gottlieb46,Abbie_Crooks15@hotmail.com,r6DcksD4Qjcj2o5,Jayde,Fisher
53,Meaghan0,Earl.Ziemann@gmail.com,Mu2ybkXnTPrhwL8,Lafayette,Hayes
54,Angelica.Fahey66,Jonathan31@yahoo.com,xBJ3Is6jNKhCKid,Tiana,Block
55,Frederik_Feest18,Abigayle.Zemlak66@yahoo.com,JIpARIfBqyBOO8a,Deshaun,O'Hara
56,Otto39,Zora_Ritchie@gmail.com,7eLjmEGFWRB1JIQ,Kavon,O'Hara
57,Suzanne_Ledner47,Orion_Hagenes23@yahoo.com,UHG4Qb4snAyKQ5M,Alexis,Willms
58,Izaiah48,Anastacio.Ritchie23@gmail.com,9Ky7gd9xzjUALhF,Lindsay,Harris
59,Verdie_Schiller,Alphonso92@yahoo.com,3Vvc60vTtC8hee9,Berenice,Howell
60,Trace.Parker47,Tremayne_Padberg73@yahoo.com,l03cc6572021MLs,Euna,Wunsch
61,Giuseppe.Schroeder66,Laura_Legros29@gmail.com,GXV24RqWnGTZ14p,Rubie,Lubowitz
62,Johnnie98,Rosario_Hegmann@hotmail.com,fCyULXqonzdiM5a,Alyce,Batz
63,Kassandra88,Lavinia_Sauer28@gmail.com,vqcqLWNIqY6t2JS,Brisa,Heathcote
64,Laurel_Franecki46,Tyrell.Renner@gmail.com,ZDiF9HnOwPVZ3Sg,Jamel,Farrell
65,Dolly.Kautzer,Kaelyn23@yahoo.com,IrNWJMGzjfdhwra,Walton,Littel
66,Romaine_Bergstrom,Ezequiel_Pollich@gmail.com,rjFokZAnBsMCsqL,Mireille,Torp
67,Baron.Hagenes3,Loyal_Kozey40@gmail.com,CuXanVeHNIDKnqN,Green,Ruecker
68,Deon44,Preston6@yahoo.com,GLuMYEE5gD51rCk,Catalina,Nicolas
69,Jamal.Bosco,Carroll.Medhurst66@yahoo.com,E4kjLcmbS1jF7_x,Santos,Gutkowski
70,Guadalupe_Ward,Jackeline16@yahoo.com,q77jkNy4K1CSIPT,Bell,Auer
71,Granville.Cremin,Lyla53@hotmail.com,TwML75eYOOkQJP5,Giovanny,Herman
72,Merritt19,Abby_Kunze@hotmail.com,5rX7wntqFdXp2nT,Evie,Lebsack
73,Melissa_Hane9,Vernon87@hotmail.com,fG9aGJhQmDQ6vEc,Bartholome,Hermiston
74,Paige.Bernhard56,Dwight4@yahoo.com,5GqjlxewnW32Xlq,Noe,Wiegand
75,Prudence73,Zion.Schaefer@hotmail.com,c2Ra8YlBZlt521l,Simeon,Frami
76,Princess.VonRueden,Vicky.Rau11@yahoo.com,WgcLyI2ALcq0752,Matilde,Schimmel
77,Deron19,Margot.Wolf53@hotmail.com,lwEeFhALhTI8tL6,Kavon,Hirthe
78,Travis_Muller,Elsa85@hotmail.com,j1m5lPXHHEOuvlp,Jaren,Feest
79,Rusty85,Devon39@hotmail.com,lstAZW9rzluUV80,Elissa,Pouros
80,Hobart37,Camille.Osinski94@hotmail.com,_JhXUe_bF4PShaM,Malachi,Gerlach
81,Mary98,Hailey_Becker71@hotmail.com,kCEjQVuZQdphuZG,Angelina,Skiles
82,Serenity_Mosciski,Ebony36@hotmail.com,B3LnVaUrdGTrAJp,Lilla,Beatty
83,Lane.Spencer13,Prudence.Jacobs11@gmail.com,RnCeTb1zCb5Awct,Finn,Bergnaum
84,Nellie_Ryan67,Assunta24@gmail.com,3NsJz1w6tN6er3U,Joey,Cole
85,Vicente_Ruecker,Dakota.Sanford76@yahoo.com,VQFlJFP7qXkV9x6,Ed,Kessler
86,Elvera75,Dillon42@gmail.com,7HNbQ9wOEk1n3XO,Georgianna,Satterfield
87,Lula27,Adelbert.Hettinger42@yahoo.com,na9ZEVEAtfCA658,Dalton,Hagenes
88,Clara_Roob70,Stanford_Goodwin44@gmail.com,YyuHYORE7ssScxY,Mateo,Ruecker
89,Colby_Emmerich67,Charley_Haley@gmail.com,3fyFr2ZcPcjrBkt,Orion,Bahringer
90,Eldred.Robel47,Stephanie_Carter34@yahoo.com,djpKujLNRdHiQee,Jacinthe,Lowe
91,Zena_Ondricka,Sydnee.Fay55@yahoo.com,A5x04gWsQwLXkrK,Larue,Zboncak
92,Quinten61,Destin.Weimann17@hotmail.com,oPRLIndK8RwkdL2,Arnulfo,Corwin
93,Aniya93,Alize.Beatty45@yahoo.com,5lt_XaEh_BImfsH,Jade,Kunde
94,Flavio.Farrell,Skyla60@hotmail.com,6tXNpA4vuFExhdM,Jordane,Glover
95,Jazmyne5,Emery74@gmail.com,8km6s6DSjSZTDIB,Lucas,Batz
96,Catharine.Hessel86,Colten_Torp@hotmail.com,orrNsPxVWwYnLYs,Frederique,Reinger
97,Chris.Gerhold38,Jarvis_Ferry43@yahoo.com,djtgCSp_GLAtSLX,Emilia,Strosin
98,Rosamond.Hermiston55,Erick.Streich24@yahoo.com,3D82eGgFqLxCg8h,Caterina,Schaden
99,Brielle_Kerluke,Lucio.Haag86@gmail.com,iTOG6Y2Lobl0ykJ,Hudson,Miller
100,Malcolm_Halvorson,Lurline_Ondricka10@hotmail.com,FKhBsCqy2BHRdEz,Orville,Baumbach
101,Amy_Beahan,Maryse.Kreiger5@hotmail.com,ZVWEpGGB8jjLRPU,Jazlyn,Trantow
102,Sylvia51,Nasir71@hotmail.com,NIXPRRWrzg8BHqy,Jacklyn,Goldner
103,Keanu_Bailey,Mary_Von80@hotmail.com,NinI5Q71D6HDDOz,Tabitha,Lockman
104,Carol49,Ronny.Reynolds24@gmail.com,VXjv2Epb3oAIYIs,Roberta,Zboncak
105,Dillan.Wisozk,Kenny19@hotmail.com,pVGgD4flGi7pGJY,Delfina,Connelly
106,Madelyn_Gerhold35,Matteo_Wehner@gmail.com,ilUeVIiZux24lhq,Kendrick,Witting
107,Lera38,Donato85@yahoo.com,0Nx6x1u8BI0sBJa,Vivienne,Dietrich
108,Libbie69,Micah15@gmail.com,rwkJsl_3Dbc8Vi2,Alberto,Rogahn
109,Hannah_Brekke,Abbey14@yahoo.com,UmRLvO2JAgK4KYz,Brice,Abernathy
110,Lori45,Kelly_Gleichner@yahoo.com,bnh9yz78QX72UKt,Kadin,Skiles
111,Jamey41,Lamar.Cassin@hotmail.com,l3IgyI_IhDzYVyH,Hobart,Wiegand
112,Dannie49,Celia9@gmail.com,MShLFvT1UbceQId,Marcelina,Lynch
113,Alberto20,Alvena_Jones88@yahoo.com,rBzdJB9J7JGXR6q,Armando,Streich
114,Malachi.Schneider,Lacy.Fay@gmail.com,0mPU79GbmJzwkxl,Abdul,Becker
115,Eusebio_Bogan,Lola_Jerde@gmail.com,Mz2pNrFVaDjHryh,Flavio,Bahringer
116,Shyanne_Feest1,Clemmie_Brown30@hotmail.com,k8rWYrK3jKP_wwu,Angeline,Armstrong
117,Ashtyn.Stiedemann63,Isaac27@hotmail.com,HVhhBsTglozEFfH,Marion,Nitzsche
118,Hilton52,Vinnie1@yahoo.com,19iauZItZb4uKhI,Celine,Green
119,Fiona.Mitchell,Burley.Considine@yahoo.com,yjdrTEXJPSmDiEZ,Jarret,Dooley
120,Jennyfer.Jacobi,Missouri.Greenfelder29@gmail.com,mmv1j2l2LPhLEqz,Willow,Crist
121,Filiberto.Williamson,Dina67@hotmail.com,Fxh42UqtcbJW2gk,Clifford,Hermann
122,Nolan_Dickinson,Eliza.Daniel98@gmail.com,0brBBNyfgqcoDGb,Haleigh,Bauch
123,Bartholome_Johnston,Josue.Oberbrunner@hotmail.com,0R9uf4tkfUaPFBO,Camren,Mann
124,Jacinthe76,Judge.Bartoletti23@yahoo.com,oTcNgzaCK10eal7,Johathan,Emard
125,Obie.Vandervort68,Moses_Osinski@yahoo.com,IsoZJJqvgzAbOK7,Cleve,Goyette
126,Moises.Rogahn12,Emiliano59@hotmail.com,FptksJpflojaxYG,Nadia,Ankunding
127,Kyleigh95,Tanya77@gmail.com,LiHMo5NTWE8h3oL,Noemie,Weber
128,Violet30,Lindsey54@gmail.com,PH777rhjlFn_nD7,Mohammad,Schowalter
129,Amani.Haley25,Maximillia59@gmail.com,HMMMRVjQ5CvKAWQ,Wyman,Thompson
130,Hudson.Huel82,Libby.Gutkowski@yahoo.com,OptA1bNz4ttN7sZ,Tre,Russel
131,Katherine73,Kenneth.Collier9@hotmail.com,x5I8VqwCb_0M3ks,Jarred,Crist
132,Trace.Bernier50,Dallas_Walsh@hotmail.com,vMcgedZGO4QeEr8,Halle,Goyette
133,Aditya_Littel,Vita.Torphy13@yahoo.com,e9UAA0nnBxSDl2d,Earnest,Ziemann
134,Hiram_Casper,Pearline_Corkery@yahoo.com,ELqeTnoxariszVb,Jermain,Leuschke
135,Pearline_Conroy50,Eliza31@yahoo.com,LNICV5sNowkG85c,Major,Champlin
136,Ed84,Gunnar38@gmail.com,vBdg54v913VF3vC,Damaris,Kassulke
137,Jocelyn_Bogan,Boris_Johnston@yahoo.com,F_98zX057oH3B6l,Isabel,Gerhold
138,Darlene.Miller,Stewart_Block@yahoo.com,1hM6CjW7b0FrL36,Levi,Crona
139,Burnice67,Earnestine.Cummings5@hotmail.com,HJACrK7yFleIhO7,Chelsey,Murphy
140,Althea68,Laron.Rohan@gmail.com,Os3EVri9V7DQIzZ,Carrie,Bergstrom
141,Coty.Lind41,Jack_Pacocha@yahoo.com,YyGpG7UgZ9Kh9Wv,Sage,Bahringer
142,Rosemary.Graham6,Daphne46@gmail.com,Chy9jAshlLjNyU0,Fern,Cole
143,Arnoldo.Borer,Elisabeth.Satterfield11@hotmail.com,zHgn9MxX2qC50jZ,Stanley,Glover
144,Justina14,Hoyt_Wintheiser46@yahoo.com,wr63nHGTAiP8FEK,Sanford,Hartmann
145,Marlene49,Delmer_Hintz27@yahoo.com,WNimHjYoEelE5j3,Joanny,Yost
146,Friedrich_Hackett28,Ezekiel_Torp@gmail.com,KTOfZPm_LrEvQYR,Malinda,Murray
147,Stephania.OKeefe43,Mauricio_Medhurst30@hotmail.com,fKEpSX5fxEucisg,Hildegard,Mayert
148,Jessy10,Rollin70@gmail.com,1gqxp4wHevaiuT2,Boris,Trantow
149,Yazmin79,Stanford72@gmail.com,7G8TRWpjoDKiTr8,Karolann,Larson
150,Jeffrey.Hintz23,Burdette58@hotmail.com,Soy7oC617lFAFX5,Joelle,Daugherty
151,Mary_Bailey,Cloyd.Macejkovic@gmail.com,xLzFwbVjVO17Ttb,Verner,O'Keefe
152,Cullen95,Wendell_Mertz@hotmail.com,Htjv1ro9S7X5QvG,Margaret,Kuhn
153,Burnice.Bruen38,Teresa34@hotmail.com,X5z7b0yUlOt50ok,Cora,Pfannerstill
154,Wilma_Denesik,Giovanna.Franey15@gmail.com,b1qtlVjg0jboSv8,Haylee,Thiel
155,Andres69,Betsy.Cole@hotmail.com,mYXXGXeUtPGtP4B,Kacie,Ernser
156,Adolph.Veum,Donato1@hotmail.com,kQ5hU2Mii2Q_Bz5,Shanna,Green
157,Mariano_Bosco49,Gus24@yahoo.com,c7Nrqor8JVSBPQp,Terrance,Mayert
158,Austen51,Madeline.Metz@gmail.com,nys8HNkCuPjLcVH,Jed,Dietrich
159,Arnulfo.Keeling37,Letitia76@hotmail.com,HDE782bFeHBAr3W,Chandler,Kovacek
160,Luisa37,Selina.Friesen46@gmail.com,Z8RS3oJIvdxk8Ct,Amely,Larkin
161,Amely.Gerhold,Duncan_Bechtelar21@gmail.com,R_POPqdND7YHzv0,Caleb,Kuhn
162,Holly_Shanahan,Pinkie.Howe@yahoo.com,5NhIsIVsxx7JJhL,Juwan,Metz
163,Colin95,Manuel.Harber@gmail.com,wLAf1wMX6GbRbpY,Noemy,Quigley
164,Leif.Mante83,Elmer_DuBuque89@yahoo.com,g8RAxINCsnOoSn0,Alysson,Witting
165,Malvina.Reinger10,Paxton16@hotmail.com,sqo68bYl3XVXYOt,Salvador,Strosin
166,Ressie.Bahringer30,Brennan_Thompson@hotmail.com,w4WCQJ7I9Tfrvqt,Bud,Morissette
167,Kailey.Koepp,Chandler37@hotmail.com,AwVKnfQieUAbCu5,Vern,O'Conner
168,Rogers8,Rudy.Oberbrunner@hotmail.com,ahmm9dIZURhTHo3,Jaylan,Nienow
169,Napoleon64,Carrie_Mertz92@yahoo.com,OIn88oR86IMP25k,Carli,Kautzer
170,Chadrick_Marvin0,Payton_Welch50@yahoo.com,NqCU1362Mni7q0n,Leatha,Hilpert
171,Charley_Hickle14,Pearl_Bergstrom@yahoo.com,tc3ejlX10ZOhZw9,Dudley,Lemke
172,Sven.Weimann83,Felipe_Auer11@yahoo.com,eRttJNBPS5Pnlf7,Jeffrey,Leannon
173,Alia_Rippin,Nestor_Blanda18@hotmail.com,Y07jinekodZ2efu,Candido,Tillman
174,Kiley30,Lavon67@hotmail.com,X_E8DTvpBINELNt,Fernando,Nitzsche
175,Lucinda.Johns71,Agnes15@gmail.com,KYK9Odn3VcMrxsb,Immanuel,Lowe
176,Rubye_Baumbach,Wilhelm.Wyman@yahoo.com,xSbJ0Tn2Ui6Olfn,Jana,Rempel
177,Gerardo.Steuber57,Matilde.Koch60@gmail.com,DO7nL5eMA1DOkOB,Molly,O'Keefe
178,Minnie.Pacocha,Mikayla.Hyatt@yahoo.com,LD8OQ_TVtm99RBB,Jamison,Wehner
179,Destin38,Webster.Kautzer@gmail.com,YBzZkZX83SgNyGt,Luz,Shanahan
180,Amina28,Chaya42@hotmail.com,dddbixLLdWB7hYA,Meta,DuBuque
181,Carol_Luettgen,Isaias_Fadel@gmail.com,lm3XaAa65ZXHE3N,Dessie,Runte
182,Janiya28,Okey31@gmail.com,iwIvbLnWkwiPhNH,Jesse,Wyman
183,Ericka_Romaguera,Kirsten57@hotmail.com,QSJ6moFPlPstIyR,Kurt,Becker
184,Amber47,Leatha_Jacobi92@hotmail.com,fAVn0pWytcAORKp,Francesca,Lindgren
185,Josie_Jacobs45,Earlene.Nikolaus@gmail.com,LWmN2_Zs7zahkg8,Elyssa,Cruickshank
186,Chyna82,Rosina_Nienow54@yahoo.com,WuwUWeEHUG35ypA,Odie,Bechtelar
187,Barney_Bartoletti,Emely.Conroy96@yahoo.com,81ckJMZ2bgr42D1,Lia,Nader
188,Melba_Jenkins82,Deborah66@yahoo.com,pl4_vuMPkd3Db8P,Herminio,Cremin
189,Karianne84,Novella.Klein@yahoo.com,BCYmqlaRGltxOdl,Matt,Dare
190,Albert.Aufderhar39,Cierra_Kub96@yahoo.com,fvYYuPPVL8XLfV3,Victoria,Rolfson
191,Turner.Purdy,Juana_Hessel@gmail.com,e_dt8Y2pCa9HTCS,Sterling,Stanton
192,Sigurd.Wyman53,Josefina32@gmail.com,7LNAv0jQFD2OcxX,Shannon,Walter
193,Maymie.Marvin62,Keagan_Adams81@hotmail.com,mVUFuh5FmIFzTCl,Ciara,Beatty
194,Adam2,Nora.Waelchi@hotmail.com,sjF0F4J_Xs21W00,Cleve,Brakus
195,Rogelio.Runolfsson,Dawn_Dicki11@gmail.com,PudU5dKQVVl_kq8,Oren,Bruen
196,Asia.Fay,Emanuel_Kutch@yahoo.com,5cfTmYveRo71e59,Savanna,Kemmer
197,Adela_Predovic55,Jovany_Johnston53@hotmail.com,49BmD4dNRqM9CWS,Tyler,Maggio
198,Bianka_Roob,Demetris.Breitenberg54@yahoo.com,hioq8lgibFCUV9f,Lora,Jones
199,Velma_Pfannerstill,Angeline_Wisozk37@yahoo.com,04y0ls12kJJaqal,Bertrand,Homenick
200,Adrain_Rippin,Leonora_Kassulke10@hotmail.com,pMQnUe7qhC_8juE,Ursula,McLaughlin
201,Kattie_Daugherty,Arely.Littel40@yahoo.com,xXvnh_kV1ccYfb_,Freida,Kiehn
202,Jules25,Ray_Reichert@yahoo.com,c23PrBOZq0q9LzC,Armand,Reynolds
203,Alf.Treutel,Ari.Renner@yahoo.com,WadtD07slMxJ6AL,Filomena,Tromp
204,Milan.Rath14,Pearl56@hotmail.com,0vyLZymjZuQ7szP,Adalberto,Wolf
205,Aron.Ullrich,Rosemarie.Leannon@yahoo.com,LLVbXkYzIgdrQhD,Emerald,Okuneva
206,Lisa_Marvin63,Guiseppe_Schamberger@yahoo.com,PyTJyKa8Cu8YXPZ,Leslie,Nitzsche
207,Domenica.Maggio,Armani.Block@yahoo.com,AkBJ_cinhqzWFQm,Freda,Padberg
208,Emmalee34,Reese63@gmail.com,ZTVYEO0CUtXFeMz,Lucinda,O'Connell
209,Terrance27,Guadalupe_Mayer@hotmail.com,tz5rEd7qOxrYbe8,Janis,Schaden
210,Aracely_Block63,Marco_Becker@yahoo.com,Evin7LBbWNTFiV0,Wava,Deckow
211,Roxane_Ferry,Elvie80@hotmail.com,V9Pn3W81WWeLV8M,Henriette,Sipes
212,Kayley.Welch21,Kenton89@yahoo.com,3DVa3bEh3TDGuMc,Stephanie,Strosin
213,Salvador_Grimes34,Ralph47@yahoo.com,Eb3LKL3tuZgEnqC,Omari,Kreiger
214,Rebecca_West41,Walton36@hotmail.com,Y3Wa4YinRM_QyIx,Priscilla,Lueilwitz
215,Kyler43,Angie_Homenick@hotmail.com,c54PXEruT59rDyC,Bria,Gusikowski
216,Susie.Brakus,Skylar_Rosenbaum5@gmail.com,EE8jmdPsg7U4gbd,Georgiana,Hoppe
217,Osborne91,Alverta.Schuster@gmail.com,XBvvxdEJZ5YHwMG,Baylee,Goyette
218,Vella60,Dock70@yahoo.com,uFqHBhSmznTijYa,Margarette,Fisher
219,Leonel_DuBuque46,Vincenza_Gibson84@hotmail.com,n6KixXLyhd9Ou39,Shana,Johns
220,Dean.Labadie10,Kailee.Quitzon47@yahoo.com,MLULjXZ3WXwgCcV,Christ,King
221,Caleigh.Balistreri77,Lonzo81@hotmail.com,Pzue0iYoEfR3NSu,Haylee,Orn
222,Scarlett_Kertzmann78,Christa.Hackett1@hotmail.com,_eT1oRRdLd1WOCj,Dexter,Watsica
223,Mac72,Laura.Toy@hotmail.com,I1nygf6jsvWRNG0,Brock,Schuster
224,Vicente_Pfeffer7,Kendrick32@hotmail.com,goYUe9K8DcRC0h8,Nina,O'Reilly
225,Joshua14,Madonna_Bartell50@hotmail.com,gYcOJr4NY6ZdnCp,Darrion,Rohan
226,Kenna.Schowalter41,Makenzie_Kulas23@hotmail.com,ngEcnfeqpV3EVwB,Breanne,Jakubowski
227,Don.Rice80,Kallie87@yahoo.com,AuXtA_Zan7Rsajp,Kasey,Steuber
228,Cathy_Crona92,Boyd.Kub@hotmail.com,fen_BBaAHMbSNdo,Houston,Mraz
229,Norma_Friesen,Ethelyn_Friesen@yahoo.com,Bhh5yBoCCiereoX,Icie,Weissnat
230,Domenic_Ryan,Harold_Shanahan50@hotmail.com,5jMVV4U0V9LWU2p,Deondre,Mohr
231,Leonel_Wolf,Lesley.Renner@hotmail.com,mUOoiKhnlHkYhyM,Clyde,Grady
232,Marquise.Kutch,Assunta.Beahan19@hotmail.com,3r8jG8xn_J_D0kS,Dwight,Deckow
233,Abe60,Leon.Sauer@yahoo.com,_34Ymw4njISHDyO,Caesar,Lynch
234,Salvador_Stanton,Felicia62@yahoo.com,6gys27_giucWWsn,Aletha,Zieme
235,Hassan.Dickinson,Crystel57@hotmail.com,lYgA7LpXBXRToMz,Noel,Heller
236,Scotty28,Hailie31@yahoo.com,RK35MFYufwSbF7j,Jaren,Hauck
237,Wayne.Davis,Garrick.Watsica@hotmail.com,yPqC2bu0IMupMDA,Bettie,Koepp
238,Adrian.Schoen45,Horacio_Schuppe16@gmail.com,Bq4kQsCc1sH2A24,Terrence,Kling
239,Reta11,Verda.Okuneva@hotmail.com,q4k428t5PAFyouZ,Dasia,Blick
240,Aliyah38,Rolando.Raynor@gmail.com,f9EfnTQQQ4a0zvS,Ezekiel,Erdman
241,Jacky_Nikolaus,Nicholaus70@yahoo.com,6X5PvXKOfBDcpc1,Eula,Champlin
242,Joelle_Wisoky,Evalyn92@gmail.com,E3AIvxQQOPbfNmN,Major,Goldner
243,Mayra57,Delphine.OConner@gmail.com,A_wHsu7sQru3N68,Dell,Lynch
244,Minnie_McGlynn40,Stephania.Block63@gmail.com,5wOgv3nKl_OyKXh,Desiree,Kub
245,Joyce.Flatley,Reyna71@gmail.com,gdqhTTmMXaJcMaK,Ryann,Stiedemann
246,Orland_Medhurst,Elza_Nader2@hotmail.com,kfHQCUBsHwBGM8h,Guillermo,Stark
247,Pink73,Mekhi86@hotmail.com,ATusste2un1ZajH,Jarret,Osinski
248,Jimmie0,Tad.OConnell@gmail.com,YZnCazWIE4Xhu4X,Alysha,Trantow
249,Lawrence80,Ryder_Waelchi@yahoo.com,28rIkiqI5ymiIkr,Kurtis,Flatley
250,Martine_Koss,Adah_Kuhn31@gmail.com,18XViUxce8ev4X2,Sincere,Hauck
251,Claudie35,Thea.Prosacco46@hotmail.com,6qD_2y43JkeGgFh,Tanya,Feest
252,Joe.Hahn,Bret.Reilly9@yahoo.com,lvuUS7g9uwimgbZ,Hildegard,Keeling
253,Ada_Grimes64,Gerson91@gmail.com,Ojdxb2zkhwvobW2,Maude,Zboncak
254,Aniya_Volkman58,Giovanny_Ryan@hotmail.com,2MJQvnkjbuub98q,Gene,Mraz
255,Vanessa.Mohr,Rod_Weissnat10@yahoo.com,F_imN6WNynd65Ou,Branson,Bergstrom
256,Ella16,Sheila.Goodwin@yahoo.com,kMoUbprtFUdZ3tR,Arnoldo,Skiles
257,August.Kemmer,Dale.Beatty@yahoo.com,tcfSGQ20f_7ZJF4,Minnie,Heller
258,Lazaro_Rohan,Delphia2@hotmail.com,_FhzAz5mwZdxbjP,Rey,Lehner
259,Brooks70,Liliane48@hotmail.com,QeBMyRYnCfd_Fwi,Delbert,Stracke
260,Harmony.Hahn50,Leila10@hotmail.com,TJqh9IWyfFexY_w,Deion,Mayert
261,Federico.Boyle12,Myrtis74@hotmail.com,syB_ktQoYBW99WW,Edna,King
262,Brooks.Boyle86,Aurelia_Klocko32@gmail.com,nNhic6PemiMbX7M,Dagmar,Pfeffer
263,Rylan96,Katharina36@yahoo.com,mFRQMUL7yqgEYjm,Citlalli,Swift
264,Seamus_Emard5,Brooke_Terry50@gmail.com,bs9lYFlnWe_aR0G,Zella,Trantow
265,Naomi57,Cielo_Hahn@gmail.com,6LeBEYVUVRwk3mo,Dorothea,Nitzsche
266,Lacey65,Katheryn59@gmail.com,khOIQ0Ao7C6Z8qg,Sylvester,Will
267,Mckenna66,Maverick0@hotmail.com,rJRS3Te7ouaxDI2,Olen,Von
268,Davon.Dibbert,Oswaldo44@yahoo.com,baY3ZGHsiPxk1Ly,Chester,Bernier
269,Alexys23,Lavern_Cole@gmail.com,z0Xrtl8p2skcRsJ,Mathilde,Welch
270,Elna_Bashirian,Kian.Kassulke93@yahoo.com,HEILIOgbFtpnifn,Giovanni,Hane
271,Jedediah_Littel,Chadd90@gmail.com,QXGs8ov7QBQLywu,Audie,Swaniawski
272,Reginald_Crona,Jackie.Toy@gmail.com,qXhNqHs8M5epoPN,Hilma,Steuber
273,Emanuel44,Lorena.Harris@hotmail.com,LwUnt9l45muY6Qo,Clement,Ankunding
274,Kathleen.Herman,Marcelina19@gmail.com,WAI53eirF0OAMHy,Rudy,Walsh
275,Kris_Kuhic,Cruz_Bogisich59@yahoo.com,6CxsytmeXofcLRj,Shanel,Labadie
276,Gunner_Hegmann,Ida88@yahoo.com,FNucZpTs5lGKXBN,Lionel,Gottlieb
277,Pasquale_Feeney,Flo25@gmail.com,hmF81mIegL1Trp3,Milford,Lebsack
278,Maurine.Hansen,Wilfrid_Cassin@hotmail.com,XDolM2emOFFFVcI,Natasha,Beier
279,Nia_Schmitt,Felton17@gmail.com,NjPqPvR8QXu6v4C,Bill,McKenzie
280,Jerad_Stehr,Albin6@yahoo.com,poVZ3OTejqQMbz3,Mable,Dibbert
281,Antonette49,Darwin.Turner33@hotmail.com,VwDwfO1C8u8JNQz,Jasper,Nicolas
282,Charity_Marks85,Emile_Altenwerth29@hotmail.com,KKo1nICD0bOghyc,Adrain,Denesik
283,Annabelle_Schroeder26,Murray_MacGyver@yahoo.com,MQitCoQrpPrzmcR,Rowland,Labadie
284,Tatyana.Stiedemann,Reva.Morissette@gmail.com,kGa4A7V0YW2HhtB,Cesar,Goyette
285,Deonte92,Guadalupe_Marvin75@gmail.com,pdhACjis_foljCK,Baron,Wunsch
286,Vito.Schiller65,Kamille.Larson11@gmail.com,3ZXEOirJGNQ0pRl,Keagan,Ortiz
287,Crystel.Gerlach,Clint_Baumbach11@yahoo.com,MJX69f76jmboiWt,Karelle,Heathcote
288,Lottie83,Orion.Rosenbaum72@yahoo.com,YqUNr4jkpdYeLOS,Clotilde,Heller
289,Susana.Hammes,Verla.Zemlak@yahoo.com,mlXtyXOCF9bAt48,Cristal,Dicki
290,Olin7,Kirstin_Yundt@hotmail.com,Etq49rHxE9oAIj1,Micaela,Quitzon
291,Marcella17,Raphaelle_Yost96@yahoo.com,zXY2V5fYgKdQUJv,Marion,Hartmann
292,Brando_Grady3,Ryleigh_Walter@yahoo.com,54bfZ3ex6aMWpKM,Asia,Sipes
293,Ali.Schaefer,Margarett95@yahoo.com,w6QXI65Nre0sYs6,Kathryne,McClure
294,Christophe_Abernathy,Ken.Beahan@gmail.com,yVQ2A_TD2PkzGdq,Landen,Weimann
295,Pablo.McCullough,Claire22@hotmail.com,u_I9GwpHn0nViTD,Kari,Stanton
296,Trystan_Orn51,Paolo_Volkman13@hotmail.com,2zxc9CgYjwaovQ_,Nikki,Franey
297,Sofia14,Erin.Powlowski95@gmail.com,5gepvAa6ttPKh9x,Prudence,Metz
298,Audreanne.Langworth,Erna.Parisian@gmail.com,YlKixO6qh_oojR0,Taya,Langworth
299,Marlen84,Myrtie_Hudson@yahoo.com,AKsLagUROIjOGX_,Elfrieda,Bins
